date,review_text,customer_email
2024-12-02,The product did not meet my expectations.,jessica82@nguyen-robinson.net
2024-11-20,The price is reasonable for the quality offered.,millsbeth@yahoo.com
2024-12-24,"Fast delivery, very impressed.",dbrady@daugherty.net
2024-11-20,"Great quality, would recommend to others.",ronald80@gmail.com
2024-11-18,"Delivery took longer than expected, not happy with the service.",timothymartin@yahoo.com
2024-11-20,"Delivery took longer than expected, but the product is good.",obowman@wall.info
2024-03-13,"The product quality is excellent, very satisfied.",kimberlyreyes@hanson.com
2024-12-07,"Delivery was late, not happy with the service.",lisaschneider@moore.org
2024-12-22,"Package was lost in transit, very disappointed.",andrea52@yahoo.com
2024-11-29,"Fast delivery, very impressed.",radams@gmail.com
2024-11-27,The product did not meet my expectations.,ravenroberts@yahoo.com
2024-12-03,"Fast delivery, very impressed.",kimford@gmail.com
2024-11-22,Delivery was on time and the packaging was good.,lynn39@gmail.com
2024-11-22,The price is reasonable for the quality offered.,richmondrobert@reed.net
2024-12-19,"Fast delivery, very impressed.",dsmith@torres.net
2024-06-02,"Great quality, would recommend to others.",mark01@hotmail.com
2024-10-06,"Delivery was late, not happy with the service.",danielcontreras@vazquez.com
2024-12-20,"Delivery was late, not happy with the service.",awhite@daniels.biz
2024-12-23,The product is very user-friendly and well-designed.,stephanie49@chung.com
2024-12-19,"Delivery took longer than expected, but the product is good.",hollybeck@gmail.com
2024-11-24,The product quality is disappointing.,melvinmartinez@gmail.com
2024-11-28,"Package was lost in transit, very disappointed.",andreacortez@wilson.com
2024-12-07,"The product quality is excellent, very satisfied.",jonathan33@lewis.info
2024-10-13,"Package was lost in transit, very disappointed.",dylan04@gmail.com
2024-05-20,Customer support was very helpful and resolved my issue quickly.,averykimberly@williams.org
2024-12-04,"Delivery took longer than expected, but the product is good.",jeremyroberts@hotmail.com
2024-12-07,"I love the product, it works perfectly.",michaelhart@gmail.com
2024-11-26,Customer support was very helpful and resolved my issue quickly.,juliachapman@bautista-meadows.biz
2024-03-21,"Delivery was late, not happy with the service.",barkeryvette@gmail.com
2024-12-08,Customer support was rude and unhelpful.,jessicacampbell@hotmail.com
2024-12-04,"Terrible delivery service, package arrived damaged.",garrett63@brooks-wilkinson.biz
2024-08-21,"Great quality, would recommend to others.",tbrooks@hotmail.com
2024-08-27,The price is reasonable for the quality offered.,josephwilson@yahoo.com
2024-12-01,Delivery was on time and the packaging was good.,bwilliams@hotmail.com
2024-12-05,The product broke after a week of use.,kristy02@gmail.com
2024-12-14,"Fast delivery, very impressed.",ijones@wiley.com
2024-11-22,"Fast delivery, very impressed.",kimanna@hotmail.com
2024-12-06,"Fast delivery, very impressed.",nicole70@mills-frazier.com
2024-11-25,The website is easy to navigate and user-friendly.,lanemitchell@jones-brock.info
2024-08-08,The price is reasonable for the quality offered.,fitzgeralddanielle@mcdaniel-yu.com
2024-12-17,"Package was lost in transit, very disappointed.",jwalker@gmail.com
2024-11-22,"Delivery was late, not happy with the service.",leslie92@yahoo.com
2024-09-11,Delivery was on time and the packaging was good.,westseth@swanson.com
2024-12-05,"Package was lost in transit, very disappointed.",steven68@evans-dawson.org
2024-08-05,The product did not meet my expectations.,deborahhancock@yahoo.com
2024-12-06,"I love the product, it works perfectly.",hannah35@gmail.com
2024-04-03,"Package was lost in transit, very disappointed.",chrispugh@thompson-mcdonald.biz
2024-11-24,"Delivery was late, not happy with the service.",ritteralex@reilly.info
2024-06-11,Customer support was very helpful and resolved my issue quickly.,kimberlycampbell@cruz.info
2024-05-16,"Fast delivery, very impressed.",katherine13@mcdonald.info
2024-12-06,The product is very user-friendly and well-designed.,michaelramos@mays.com
2024-12-19,"Fast delivery, very impressed.",jose31@stewart.com
2024-12-01,"The product quality is poor, not worth the price.",jacobmorris@yahoo.com
2024-07-12,"Package was lost in transit, very disappointed.",edwin30@yahoo.com
2024-11-27,Delivery was on time and the packaging was good.,rodneyparsons@gmail.com
2024-11-25,"Package was lost in transit, very disappointed.",guerrerojoe@hotmail.com
2024-11-24,"Fast delivery, very impressed.",alexisnewman@hotmail.com
2024-12-02,"Package was lost in transit, very disappointed.",vgibson@flores-lee.com
2024-11-20,"Package was lost in transit, very disappointed.",mclaughlinrussell@porter-smith.com
2024-12-16,Delivery was on time and the packaging was good.,zacharymullins@hotmail.com
2024-12-14,Delivery was on time and the packaging was good.,stephenlopez@gmail.com
2024-12-22,"The product itself is amazing, very happy with it.",bmurphy@ramsey.biz
2024-10-20,"Fast delivery, very impressed.",matthewjackson@cortez.biz
2024-11-28,The product did not meet my expectations.,bradleyhuffman@gmail.com
2024-12-14,"Delivery was late, not happy with the service.",stacy29@gmail.com
2024-10-05,"Delivery took longer than expected, but the product is good.",suzanneherman@yahoo.com
2024-11-23,The product quality is disappointing.,monroescott@hotmail.com
2024-08-14,"The product quality is poor, not worth the price.",rbaldwin@gmail.com
2024-12-13,Delivery was on time and the packaging was good.,brittany19@yahoo.com
2024-09-04,"The product quality is excellent, very satisfied.",robert40@hotmail.com
2024-06-14,The product is very user-friendly and well-designed.,nicholaswalker@barber.net
2024-12-08,"Impressed with the product quality, very durable.",ian69@gmail.com
2024-09-17,The website is easy to navigate and user-friendly.,danieldavis@sherman.com
2024-12-12,"Support team was unresponsive, had to wait a long time.",peckbobby@compton-lee.net
2024-02-06,"Package was lost in transit, very disappointed.",velezjacqueline@carter.com
2024-08-03,The price is reasonable for the quality offered.,rojaslauren@mendoza-james.biz
2024-01-20,"Package was lost in transit, very disappointed.",kelly31@hotmail.com
2024-12-18,"Delivery took longer than expected, not happy with the service.",ttyler@hotmail.com
2024-11-25,The product is very user-friendly and well-designed.,ucruz@smith.com
2024-06-05,"Delivery was late, not happy with the service.",vargasteresa@rodriguez.com
2024-02-17,The product quality is disappointing.,kelliebarton@yahoo.com
2024-12-01,"Package was lost in transit, very disappointed.",rarmstrong@yahoo.com
2024-12-13,"Delivery took longer than expected, not happy with the service.",clarksarah@yahoo.com
2024-12-17,"Delivery took longer than expected, but the product is good.",nbeck@hotmail.com
2024-11-25,The product is very user-friendly and well-designed.,oshields@hotmail.com
2024-10-24,The product did not meet my expectations.,james11@ochoa.net
2024-12-24,The product is very user-friendly and well-designed.,daisy93@hotmail.com
2024-12-08,"Great quality, would recommend to others.",henrysweeney@yahoo.com
2024-12-01,"The product quality is poor, not worth the price.",davidlopez@hernandez.com
2024-12-01,"Delivery was late, not happy with the service.",bdennis@yahoo.com
2024-06-05,"Delivery was late, not happy with the service.",christopheradams@gmail.com
2024-12-14,The price is reasonable for the quality offered.,kyliearellano@hotmail.com
2024-12-17,"Delivery was late, not happy with the service.",vargastammy@yahoo.com
2024-10-07,"Fast delivery, very impressed.",tbrown@yahoo.com
2024-06-16,"Terrible delivery service, package arrived damaged.",jamesevelyn@yahoo.com
2024-04-14,The price is reasonable for the quality offered.,mariamarshall@yahoo.com
2024-12-23,"Delivery was late, not happy with the service.",josephmoore@hotmail.com
2024-12-02,The product quality is disappointing.,jamesrebecca@mitchell-cook.com
2024-01-12,The product broke after a week of use.,progers@jones.com
2024-05-03,The product quality is disappointing.,morenolinda@yahoo.com
2024-02-14,"Terrible delivery service, package arrived damaged.",phillipsjanet@sanchez.net
2024-09-22,"The product is faulty, I want a refund.",allison51@hotmail.com
2024-04-07,"Impressed with the product quality, very durable.",dustin71@booker.net
2024-12-23,The price is reasonable for the quality offered.,jenniferkeller@ford-bonilla.info
2024-02-05,"The product itself is amazing, very happy with it.",fmunoz@hotmail.com
2024-12-05,Delivery was on time and the packaging was good.,margaret61@yahoo.com
2024-09-15,"Delivery took longer than expected, but the product is good.",igonzales@yahoo.com
2024-12-09,Delivery was on time and the packaging was good.,hillbrian@keller.com
2024-11-24,"Impressed with the product quality, very durable.",kimberlycampos@mueller.biz
2024-08-28,"The product itself is amazing, very happy with it.",nicholasfields@smith-alvarez.info
2024-12-04,Customer support was rude and unhelpful.,davidsonmary@mcdonald.com
2024-12-06,"Package was lost in transit, very disappointed.",taylorrichard@hotmail.com
2024-12-20,"Terrible delivery service, package arrived damaged.",ashleywilliams@yahoo.com
2024-11-28,"Package was lost in transit, very disappointed.",malikhendricks@gutierrez.info
2024-08-13,The product broke after a week of use.,rebeccamurphy@russell.com
2024-12-14,"The product quality is poor, not worth the price.",sheila91@gmail.com
2024-12-18,Delivery was on time and the packaging was good.,newtonkelly@kramer-terrell.org
2024-11-27,"Delivery took longer than expected, but the product is good.",andersonsusan@hunt.com
2024-12-01,"Impressed with the product quality, very durable.",michael88@taylor.com
2024-11-23,"Fast delivery, very impressed.",jlove@mays-lowe.biz
2024-05-13,"Great quality, would recommend to others.",isaacross@hotmail.com
2024-12-20,The website is easy to navigate and user-friendly.,lisamartin@hall-kidd.net
2024-09-20,The product is very user-friendly and well-designed.,brownkevin@campbell-andrews.biz
2024-11-28,"Delivery took longer than expected, but the product is good.",michaelramirez@robinson.com
2024-12-04,Customer support was very helpful and resolved my issue quickly.,alexgreene@hotmail.com
2024-12-20,"Package was lost in transit, very disappointed.",hstafford@gmail.com
2024-12-15,"The product quality is poor, not worth the price.",ikline@brown.com
2024-03-23,"The product quality is excellent, very satisfied.",imedina@hotmail.com
2024-12-01,The product did not meet my expectations.,fjohnson@walton-rangel.info
2024-06-21,Delivery was on time and the packaging was good.,brussell@sexton.biz
2024-12-18,"The product quality is excellent, very satisfied.",bradyjack@cummings.com
2024-11-26,The quality of the product is subpar.,tpham@rowe.com
2024-08-07,"Package was lost in transit, very disappointed.",jeffreyharris@evans.com
2024-05-24,"Delivery took longer than expected, but the product is good.",theresa04@armstrong.net
2024-10-01,"Package was lost in transit, very disappointed.",johnhampton@hammond.info
2024-12-21,"Package was lost in transit, very disappointed.",samantha56@yahoo.com
2024-09-24,The website is easy to navigate and user-friendly.,linkathleen@campbell.com
2024-12-22,"Fast delivery, very impressed.",carrdanielle@acevedo.biz
2024-10-20,"Great customer service, very satisfied.",jamieswanson@fields.org
2024-07-17,The product quality is disappointing.,padillanicole@cruz-benson.org
2024-11-20,Delivery was on time and the packaging was good.,perryjohn@sullivan-allen.biz
2024-11-13,"Great quality, would recommend to others.",johnsonariana@fernandez-knight.com
2024-07-09,The product broke after a week of use.,uwarner@hotmail.com
2024-04-19,The product quality is disappointing.,jacqueline17@gmail.com
2024-06-29,"The product quality is excellent, very satisfied.",umurphy@yahoo.com
2024-12-02,"Impressed with the product quality, very durable.",summersclaudia@graham.com
2024-12-04,"Support team was unresponsive, had to wait a long time.",nkey@hotmail.com
2024-11-26,"Delivery took longer than expected, not happy with the service.",twright@gmail.com
2024-11-24,"The product quality is poor, not worth the price.",wrightbrandi@hayes.org
2024-12-16,"The product is faulty, I want a refund.",eburke@yahoo.com
2024-09-25,"Terrible delivery service, package arrived damaged.",kevin20@davis.com
2024-02-20,"The product quality is poor, not worth the price.",peter15@yahoo.com
2024-11-23,"Package was lost in transit, very disappointed.",jessica23@pennington.com
2024-04-15,"Package was lost in transit, very disappointed.",terri39@ayers.com
2024-11-22,"Support team was unresponsive, had to wait a long time.",angela78@beard-johnson.biz
2024-08-13,"The product is faulty, I want a refund.",harperdonald@gmail.com
2024-12-20,"Delivery was late, not happy with the service.",dylanhickman@gmail.com
2024-07-15,The product broke after a week of use.,uhall@cox-cooper.com
2024-11-23,"Delivery took longer than expected, but the product is good.",julie32@middleton.com
2024-11-20,"The product quality is excellent, very satisfied.",wilsonheidi@mcgee.biz
2024-12-07,"I love the product, it works perfectly.",collinslynn@hall-fisher.com
2024-04-11,"I love the product, it works perfectly.",jocelyn62@gmail.com
2024-11-20,"Fast delivery, very impressed.",edwardsbrianna@yahoo.com
2024-05-31,The product is very user-friendly and well-designed.,holly76@gmail.com
2024-11-28,The website is easy to navigate and user-friendly.,qdavis@yahoo.com
2024-10-19,Delivery was on time and the packaging was good.,raymond06@jones-davis.com
2024-12-19,The product did not meet my expectations.,dianaking@yahoo.com
2024-12-22,The product quality is disappointing.,efischer@shepherd.com
2024-12-08,Delivery was on time and the packaging was good.,emartin@hotmail.com
2024-12-22,Customer support was very helpful and resolved my issue quickly.,wallschristian@haynes.com
2024-07-05,Customer support was rude and unhelpful.,ucompton@gmail.com
2024-12-15,"Delivery was late, not happy with the service.",braunbrian@hughes.net
2024-09-23,"Fast delivery, very impressed.",lee09@hotmail.com
2024-12-01,The website is easy to navigate and user-friendly.,rebeccawilliamson@daugherty.com
2024-11-28,"The product is faulty, I want a refund.",kimberly09@villanueva.com
2024-09-17,"Delivery was late, not happy with the service.",afuentes@williams-quinn.info
2024-07-08,"Delivery took longer than expected, but the product is good.",sarahodonnell@yahoo.com
2024-10-15,"Great quality, would recommend to others.",brendan50@martin-valentine.com
2024-08-04,Customer support was rude and unhelpful.,john73@yahoo.com
2024-03-02,The product quality is disappointing.,cynthia06@robinson.com
2024-07-17,"Support team was unresponsive, had to wait a long time.",alexandra76@hull-turner.biz
2024-10-16,The price is reasonable for the quality offered.,michael62@gmail.com
2024-07-07,"Delivery took longer than expected, but the product is good.",simsmadison@yahoo.com
2024-11-21,The product broke after a week of use.,randy71@gmail.com
2024-11-26,"Fast delivery, very impressed.",glovercheryl@brown-christian.biz
2024-12-18,The product quality is disappointing.,kirk62@hotmail.com
2024-08-07,"Delivery took longer than expected, but the product is good.",rebekahmoore@norton.org
2024-08-16,"Support team was unresponsive, had to wait a long time.",timothyrivas@gmail.com
2024-07-16,Customer support was very helpful and resolved my issue quickly.,tammythompson@gmail.com
2024-01-03,"Delivery took longer than expected, but the product is good.",christina31@yahoo.com
2024-04-27,"Fast delivery, very impressed.",zfoster@livingston-wyatt.com
2024-09-12,"I love the product, it works perfectly.",vfrazier@sellers.org
2024-12-21,"Great quality, would recommend to others.",flopez@campbell-williams.info
2024-11-21,Delivery was on time and the packaging was good.,harrisaustin@hotmail.com
2024-12-03,"Delivery took longer than expected, but the product is good.",david59@jones.com
2024-11-28,"Terrible delivery service, package arrived damaged.",hsims@hotmail.com
2024-12-09,"Terrible delivery service, package arrived damaged.",scottlewis@hotmail.com
2024-02-27,"Impressed with the product quality, very durable.",tamara68@yahoo.com
2024-11-26,Delivery was on time and the packaging was good.,shirley74@yahoo.com
2024-09-13,The product did not meet my expectations.,nguyenmark@gmail.com
2024-09-22,"Great quality, would recommend to others.",michelle70@torres.com
2024-11-24,"Great customer service, very satisfied.",victorkane@yahoo.com
2024-07-02,"Delivery was late, not happy with the service.",zgray@powell.com
2024-07-22,"Delivery took longer than expected, but the product is good.",millerdonald@williams.biz
2024-12-14,"The product itself is amazing, very happy with it.",morenoalan@yahoo.com
2024-12-03,"Terrible delivery service, package arrived damaged.",garrettyoung@hotmail.com
2024-09-05,"Delivery took longer than expected, but the product is good.",dsmith@hotmail.com
2024-12-11,The product did not meet my expectations.,barryesenia@montoya-hill.com
2024-05-27,"Support team was unresponsive, had to wait a long time.",samueloneill@hotmail.com
2024-12-22,"Impressed with the product quality, very durable.",kennethporter@peterson.com
2024-08-23,The product is very user-friendly and well-designed.,derekmontgomery@ramsey.org
2024-11-30,"Delivery took longer than expected, but the product is good.",tonyclark@gmail.com
2024-05-27,"Terrible delivery service, package arrived damaged.",tranalvin@yahoo.com
2024-12-06,Delivery was on time and the packaging was good.,kleinjorge@hotmail.com
2024-12-21,The product quality is disappointing.,latoyaneal@andrews.info
2024-11-24,"Delivery took longer than expected, but the product is good.",watsonelizabeth@yahoo.com
2024-12-11,"Delivery was late, not happy with the service.",lyonsaaron@gmail.com
2024-12-24,Delivery was on time and the packaging was good.,sharon13@thomas-bowen.com
2024-11-28,Delivery was on time and the packaging was good.,blake30@hotmail.com
2024-10-08,"Package was lost in transit, very disappointed.",annabarnes@hotmail.com
2024-12-01,The product broke after a week of use.,richardramirez@cross.com
2024-09-22,"Delivery was late, not happy with the service.",forddavid@hotmail.com
2024-12-06,The product did not meet my expectations.,caitlinholmes@hotmail.com
2024-08-04,The price is reasonable for the quality offered.,abutler@klein-harris.com
2024-12-02,"I love the product, it works perfectly.",donna03@hotmail.com
2024-12-02,"Terrible delivery service, package arrived damaged.",katherinesullivan@gmail.com
2024-02-09,"Delivery was late, not happy with the service.",ayerslori@gmail.com
2024-12-17,Customer support was rude and unhelpful.,jameschristian@bell.org
2024-06-20,"Support team was unresponsive, had to wait a long time.",owest@zimmerman.com
2024-04-03,Delivery was on time and the packaging was good.,villegascaleb@yahoo.com
2024-11-27,"Delivery took longer than expected, but the product is good.",ryansmith@gmail.com
2024-12-15,"Great quality, would recommend to others.",ovillanueva@hotmail.com
2024-12-04,"The product quality is poor, not worth the price.",sandersjoel@sullivan-king.com
2024-02-09,Delivery was on time and the packaging was good.,keith49@gmail.com
2024-12-05,"I love the product, it works perfectly.",fbautista@patterson-mack.com
2024-12-07,Delivery was on time and the packaging was good.,kaneerin@russell.com
2024-07-01,The price is reasonable for the quality offered.,jennapacheco@brown-gonzalez.org
2024-11-28,The website is easy to navigate and user-friendly.,adamssamantha@valdez.org
2024-12-11,"Delivery was late, not happy with the service.",wwang@hotmail.com
2024-01-17,"Great customer service, very satisfied.",jeanette05@gilbert.com
2024-12-06,"Package was lost in transit, very disappointed.",rothtara@hotmail.com
2024-11-20,Delivery was on time and the packaging was good.,megan51@moran-baker.info
2024-11-21,"Delivery took longer than expected, not happy with the service.",rjenkins@yahoo.com
2024-12-03,"Impressed with the product quality, very durable.",wrightdean@marshall.org
2024-12-04,"Support team was unresponsive, had to wait a long time.",sandersmelinda@hotmail.com
2024-06-03,The product broke after a week of use.,lbell@hill.com
2024-12-09,"Great customer service, very satisfied.",morrisonmarissa@hotmail.com
2024-10-17,"The product quality is poor, not worth the price.",mary10@hotmail.com
2024-06-25,"The product itself is amazing, very happy with it.",thompsonnatalie@yahoo.com
2024-11-27,"I love the product, it works perfectly.",kellyjohnson@yahoo.com
2024-12-03,"I love the product, it works perfectly.",amyhardy@hotmail.com
2024-12-04,"Fast delivery, very impressed.",qwilson@mercer.org
2024-12-17,"Great customer service, very satisfied.",troy77@reeves.com
2024-01-05,"Delivery was late, not happy with the service.",erikjones@yahoo.com
2024-12-05,The product is very user-friendly and well-designed.,rmcclure@wells.net
2024-12-01,The product is very user-friendly and well-designed.,molly16@moore-potts.com
2024-11-23,The website is easy to navigate and user-friendly.,juan47@sanchez.info
2024-12-01,Delivery was on time and the packaging was good.,devonleach@ramirez.com
2024-12-24,"Delivery was late, not happy with the service.",cynthia47@rhodes-white.org
2024-11-10,"The product itself is amazing, very happy with it.",leebradley@moss-thompson.net
2024-09-09,"Package was lost in transit, very disappointed.",phillippetty@alvarado-boone.com
2024-12-24,"Support team was unresponsive, had to wait a long time.",nashjasmine@hotmail.com
2024-08-23,The website is easy to navigate and user-friendly.,kcarroll@day-beck.org
2024-12-14,"Great customer service, very satisfied.",bairdanita@martinez-petty.com
2024-12-14,The product is very user-friendly and well-designed.,allison69@hotmail.com
2024-11-29,Delivery was on time and the packaging was good.,lbender@yahoo.com
2024-08-06,The product broke after a week of use.,tamara65@navarro.com
2024-11-02,"Delivery was late, not happy with the service.",sarah77@duran.org
2024-12-06,Delivery was on time and the packaging was good.,yumorgan@hotmail.com
2024-12-05,"Fast delivery, very impressed.",nerickson@gmail.com
2024-12-21,"Great quality, would recommend to others.",roblestonya@harper.com
2024-11-29,The product broke after a week of use.,iwilliams@hotmail.com
2024-12-16,"Package was lost in transit, very disappointed.",elizabethdickson@vincent-mann.com
2024-07-27,"Great quality, would recommend to others.",dawn96@gmail.com
2024-11-29,"Package was lost in transit, very disappointed.",reyeskenneth@robinson.net
2024-05-15,Delivery was on time and the packaging was good.,dickersonjulie@hotmail.com
2024-12-14,Delivery was on time and the packaging was good.,stephaniegarza@hicks-thompson.net
2024-08-27,"The product quality is excellent, very satisfied.",amberbolton@long-tyler.com
2024-11-21,The product broke after a week of use.,taylorjohn@cowan.com
2024-12-03,"Terrible delivery service, package arrived damaged.",szimmerman@brown.com
2024-09-01,"Delivery was late, not happy with the service.",colliersherri@wall-hampton.org
2024-08-16,The product is very user-friendly and well-designed.,rball@bates.com
2024-12-15,"Impressed with the product quality, very durable.",hgarcia@gmail.com
2024-08-05,"Fast delivery, very impressed.",davidsonamy@yahoo.com
2024-12-18,"Delivery took longer than expected, but the product is good.",huffmankristina@fischer.com
2024-06-26,"The product quality is excellent, very satisfied.",eanderson@garrett.com
2024-11-28,"Package was lost in transit, very disappointed.",emilywilliams@dalton-kelly.biz
2024-12-06,"Package was lost in transit, very disappointed.",williamterry@gmail.com
2024-10-23,The price is reasonable for the quality offered.,brandymccall@ramirez.com
2024-03-08,Delivery was on time and the packaging was good.,bryansmith@hotmail.com
2024-06-08,Delivery was on time and the packaging was good.,holmeschristina@rios.biz
2024-12-14,"The product quality is excellent, very satisfied.",matthew31@thomas.info
2024-06-23,"Great customer service, very satisfied.",krystaldavis@curtis.com
2024-12-20,The price is reasonable for the quality offered.,wigginslogan@yahoo.com
2024-11-24,"Fast delivery, very impressed.",milesjeffrey@randall.com
2024-11-27,The product did not meet my expectations.,whitneydavis@bryant-johnston.net
2024-12-02,"Great quality, would recommend to others.",george42@allen-jones.com
2024-02-29,Customer support was rude and unhelpful.,mitchelldodson@morales.com
2024-11-28,"The product quality is poor, not worth the price.",ryan13@smith.biz
2024-11-23,"Package was lost in transit, very disappointed.",ellisanthony@fernandez-anderson.info
2024-12-06,The quality of the product is subpar.,keithdavid@yahoo.com
2024-11-05,The website is easy to navigate and user-friendly.,annjones@hotmail.com
2024-12-02,Delivery was on time and the packaging was good.,gregoryrussell@landry.net
2024-12-22,The product quality is disappointing.,garciawilliam@ellis.com
2024-12-24,"Delivery took longer than expected, not happy with the service.",josephsabrina@yahoo.com
2024-11-29,"Delivery took longer than expected, but the product is good.",hernandezjames@gmail.com
2024-12-17,"Delivery took longer than expected, but the product is good.",kurtbolton@henderson.com
2024-12-03,"Delivery was late, not happy with the service.",thomasryan@gmail.com
2024-12-20,"Terrible delivery service, package arrived damaged.",richardgreene@hotmail.com
2024-11-06,"Delivery was late, not happy with the service.",fhunter@yahoo.com
2024-09-09,Customer support was rude and unhelpful.,martinmary@hotmail.com
2024-12-18,"Package was lost in transit, very disappointed.",speterson@yahoo.com
2024-12-08,The product is very user-friendly and well-designed.,doyledonald@lynch-yang.com
2024-11-21,"Delivery took longer than expected, not happy with the service.",kathleen45@massey.com
2024-12-09,"Delivery took longer than expected, but the product is good.",ericgraham@baker.com
2024-11-14,"The product is faulty, I want a refund.",steven14@yahoo.com
2024-06-10,"The product quality is poor, not worth the price.",kingangela@richards.org
2024-07-18,The product quality is disappointing.,byoung@yahoo.com
2024-06-11,"Package was lost in transit, very disappointed.",coxcheryl@robbins-wagner.com
2024-10-13,"Support team was unresponsive, had to wait a long time.",charleswebb@hotmail.com
2024-12-01,"Package was lost in transit, very disappointed.",jmcgrath@hotmail.com
2024-12-22,The product broke after a week of use.,browntracy@yahoo.com
2024-12-01,"Delivery took longer than expected, not happy with the service.",fsantos@griffin-hunt.com
2024-12-02,"Terrible delivery service, package arrived damaged.",ashley50@yahoo.com
2024-07-11,"Fast delivery, very impressed.",smithdanny@george.net
2024-12-03,"The product is faulty, I want a refund.",amanda62@hotmail.com
2024-12-16,"Terrible delivery service, package arrived damaged.",adammarshall@yahoo.com
2024-12-08,"Delivery took longer than expected, but the product is good.",alexisewing@gonzales.com
2024-12-22,Delivery was on time and the packaging was good.,eddiebray@hotmail.com
2024-12-06,"Great quality, would recommend to others.",nicholehorn@farrell-martinez.org
2024-11-25,"Package was lost in transit, very disappointed.",friley@hoffman.com
2024-11-28,The product is very user-friendly and well-designed.,stevenjohnson@carpenter.biz
2024-11-23,"The product quality is poor, not worth the price.",lsuarez@ramirez-hunter.biz
2024-11-26,"Impressed with the product quality, very durable.",joshualee@yahoo.com
2024-05-18,"Support team was unresponsive, had to wait a long time.",radams@phillips.org
2024-12-08,The product is very user-friendly and well-designed.,thomasmichael@gmail.com
2024-05-27,"The product quality is poor, not worth the price.",april04@yahoo.com
2024-11-21,"Terrible delivery service, package arrived damaged.",wdiaz@howard.org
2024-11-25,"Delivery took longer than expected, but the product is good.",warnerpatrick@hotmail.com
2024-12-15,The product quality is disappointing.,zacharyhester@yahoo.com
2024-11-23,"The product quality is excellent, very satisfied.",hhuffman@yahoo.com
2024-12-15,"Delivery was late, not happy with the service.",martingary@yahoo.com
2024-07-18,"Great customer service, very satisfied.",stonejohn@combs.net
2024-11-24,Customer support was very helpful and resolved my issue quickly.,rebecca38@hotmail.com
2024-12-03,"Delivery was late, not happy with the service.",allen24@hotmail.com
2024-10-20,"Great customer service, very satisfied.",dennisreed@hotmail.com
2024-12-02,The product is very user-friendly and well-designed.,veronica22@gmail.com
2024-12-03,"Fast delivery, very impressed.",mossrobert@elliott-ferrell.info
2024-11-18,"Great quality, would recommend to others.",bnguyen@gmail.com
2024-12-13,"Impressed with the product quality, very durable.",daviskaren@gmail.com
2024-12-08,"Fast delivery, very impressed.",dawnmunoz@yahoo.com
2024-05-28,"Support team was unresponsive, had to wait a long time.",boylemadeline@gmail.com
2024-10-23,"I love the product, it works perfectly.",rollinsashley@turner-harris.org
2024-04-09,"The product is faulty, I want a refund.",hamiltonnicholas@estrada-jordan.com
2024-12-06,"Impressed with the product quality, very durable.",jonathanjones@hotmail.com
2024-11-08,"The product quality is poor, not worth the price.",robertsedwin@hotmail.com
2024-10-23,The quality of the product is subpar.,nguyenbenjamin@fisher-porter.com
2024-11-23,"Support team was unresponsive, had to wait a long time.",jcooper@fitzpatrick.com
2024-07-08,"Delivery was late, not happy with the service.",greg84@hotmail.com
2024-12-03,"The product quality is excellent, very satisfied.",kimberlyallen@taylor-peters.com
2024-03-24,The product broke after a week of use.,johnsonkevin@davis.org
2024-11-28,"Delivery was late, not happy with the service.",ehaley@crawford-chen.org
2024-11-29,"Package was lost in transit, very disappointed.",jonathan55@miller-johnson.net
2024-12-22,"Support team was unresponsive, had to wait a long time.",lperez@hotmail.com
2024-11-22,"Impressed with the product quality, very durable.",mcdonaldnathan@cross-kane.biz
2024-06-14,"Delivery was late, not happy with the service.",cwilliams@griffith.com
2024-11-15,"The product is faulty, I want a refund.",penny69@payne-harmon.org
2024-11-24,"The product quality is excellent, very satisfied.",omckinney@yahoo.com
2024-12-19,The price is reasonable for the quality offered.,mccannmichele@harvey.com
2024-07-16,"Great customer service, very satisfied.",bperkins@garrison-clarke.net
2024-12-24,"Delivery took longer than expected, but the product is good.",shortbrian@lopez.info
2024-02-16,"Great quality, would recommend to others.",karla98@gmail.com
2024-05-11,"The product quality is excellent, very satisfied.",davidbrooks@hotmail.com
2024-12-21,"Fast delivery, very impressed.",robertbaird@gmail.com
2024-11-24,"Fast delivery, very impressed.",turnerkristen@gmail.com
2024-09-21,Delivery was on time and the packaging was good.,amy23@norton.biz
2024-06-21,"Delivery was late, not happy with the service.",stephaniepetty@padilla.com
2024-11-12,"The product quality is excellent, very satisfied.",tferrell@sanchez.com
2024-12-17,"The product quality is excellent, very satisfied.",robinsonbobby@larson-gonzalez.com
2024-12-20,"Delivery was late, not happy with the service.",harrisbenjamin@yahoo.com
2024-05-18,The product quality is disappointing.,john31@reynolds.com
2024-12-17,The price is reasonable for the quality offered.,gramos@watkins.info
2024-11-28,"Great quality, would recommend to others.",aaronbrown@gmail.com
2024-12-16,Delivery was on time and the packaging was good.,eking@gmail.com
2024-07-28,Customer support was very helpful and resolved my issue quickly.,ncook@hotmail.com
2024-04-04,"Package was lost in transit, very disappointed.",barbara58@hernandez.com
2024-12-16,"Package was lost in transit, very disappointed.",wattskathleen@robinson.biz
2024-12-13,"Delivery was late, not happy with the service.",steven24@gmail.com
2024-01-28,The website is easy to navigate and user-friendly.,david80@hotmail.com
2024-12-02,Delivery was on time and the packaging was good.,debbiejohnson@yates.com
2024-12-15,"Delivery took longer than expected, but the product is good.",daniel97@rodriguez.com
2024-10-15,"Support team was unresponsive, had to wait a long time.",debra85@yahoo.com
2024-12-13,"The product itself is amazing, very happy with it.",cynthiabentley@yahoo.com
2024-10-26,The product quality is disappointing.,caseaaron@pitts.net
2024-02-21,"Fast delivery, very impressed.",xchandler@hotmail.com
2024-12-19,"The product quality is poor, not worth the price.",jallison@wright.com
2024-12-09,"Impressed with the product quality, very durable.",sheri47@jordan.net
2024-12-02,The product did not meet my expectations.,mosleyshirley@hotmail.com
2024-09-03,"Delivery took longer than expected, but the product is good.",james28@heath.org
2024-10-12,"Great customer service, very satisfied.",logandavis@blackwell-estrada.com
2024-06-04,"The product is faulty, I want a refund.",harriskatrina@yahoo.com
2024-11-27,"Impressed with the product quality, very durable.",robert52@yahoo.com
2024-11-17,The product is very user-friendly and well-designed.,xrangel@gmail.com
2024-12-13,Customer support was rude and unhelpful.,nancymoore@gmail.com
2024-11-29,Customer support was very helpful and resolved my issue quickly.,mariarivas@hotmail.com
2024-10-08,The product is very user-friendly and well-designed.,vshaw@yahoo.com
2024-10-31,"Great customer service, very satisfied.",nfowler@gmail.com
2024-12-18,"Great customer service, very satisfied.",portiz@hotmail.com
2024-12-02,The product is very user-friendly and well-designed.,zlevine@gmail.com
2024-12-14,"Package was lost in transit, very disappointed.",robert84@mcdonald-cunningham.biz
2024-11-23,"Package was lost in transit, very disappointed.",moralesdavid@villegas.biz
2024-11-25,The website is easy to navigate and user-friendly.,smiranda@hotmail.com
2024-11-05,The product broke after a week of use.,jenningsmark@yahoo.com
2024-12-23,"The product itself is amazing, very happy with it.",vincent97@hotmail.com
2024-01-02,"Fast delivery, very impressed.",ccarlson@smith-howard.com
2024-11-29,The website is easy to navigate and user-friendly.,ariel73@gmail.com
2024-11-24,"Great quality, would recommend to others.",susanblackwell@hotmail.com
2024-10-08,The product quality is disappointing.,marshallaustin@yahoo.com
2024-08-26,"Delivery took longer than expected, but the product is good.",cindy99@yahoo.com
2024-11-21,Delivery was on time and the packaging was good.,ewatts@gmail.com
2024-12-12,"Delivery was late, not happy with the service.",jason40@gmail.com
2024-07-08,"Terrible delivery service, package arrived damaged.",nmartinez@lee.com
2024-11-25,"The product is faulty, I want a refund.",carol77@gmail.com
2024-11-22,"Delivery took longer than expected, but the product is good.",xcarpenter@ford.org
2024-12-05,The product did not meet my expectations.,dylananderson@hotmail.com
2024-12-11,"Fast delivery, very impressed.",matthew24@freeman.org
2024-09-22,Delivery was on time and the packaging was good.,walkerlindsay@mitchell.net
2024-12-07,"Great customer service, very satisfied.",ymartin@yahoo.com
2024-07-14,Customer support was rude and unhelpful.,jennabaxter@gmail.com
2024-08-10,"Delivery took longer than expected, but the product is good.",jennifer34@deleon-brennan.com
2024-11-27,"Delivery took longer than expected, but the product is good.",lisa48@hotmail.com
2024-12-04,"Delivery took longer than expected, but the product is good.",douglasnorris@frederick.biz
2024-10-12,"Delivery was late, not happy with the service.",smithkrista@mills-allen.com
2024-11-20,"Delivery was late, not happy with the service.",rbrooks@wilson.com
2024-11-24,"The product quality is poor, not worth the price.",courtneypatel@hotmail.com
2024-12-01,"The product quality is poor, not worth the price.",monicaroberts@hotmail.com
2024-12-22,Delivery was on time and the packaging was good.,sabrinachandler@wade.info
2024-11-22,Customer support was rude and unhelpful.,mary16@gmail.com
2024-11-29,"I love the product, it works perfectly.",dhart@hunt-brown.com
2024-11-27,"Great customer service, very satisfied.",rwarren@yahoo.com
2024-12-06,"The product quality is excellent, very satisfied.",burkejoseph@hotmail.com
2024-12-21,The price is reasonable for the quality offered.,hayesjames@williams.com
2024-07-29,The product broke after a week of use.,marybowman@gmail.com
2024-09-06,"The product itself is amazing, very happy with it.",allison31@king.info
2024-12-02,The price is reasonable for the quality offered.,astokes@gmail.com
2024-12-08,"I love the product, it works perfectly.",petersonedward@long.biz
2024-12-22,The website is easy to navigate and user-friendly.,xhiggins@thornton.org
2024-12-14,"Fast delivery, very impressed.",fjohnson@yahoo.com
2024-11-29,The product quality is disappointing.,reeveskelly@terry.biz
2024-11-26,"The product quality is poor, not worth the price.",pstone@hotmail.com
2024-12-14,"Great customer service, very satisfied.",amanda80@hotmail.com
2024-03-22,"Delivery was late, not happy with the service.",kristinmartinez@brown.org
2024-08-13,"Terrible delivery service, package arrived damaged.",nicole98@morgan.org
2024-12-08,"Terrible delivery service, package arrived damaged.",lauren85@hotmail.com
2024-07-05,"Fast delivery, very impressed.",fred41@morris.com
2024-12-05,Customer support was very helpful and resolved my issue quickly.,michelegalvan@parsons.com
2024-09-27,"Great customer service, very satisfied.",bernardfigueroa@hotmail.com
2024-11-27,"Great quality, would recommend to others.",nicholas70@sims.com
2024-09-26,Delivery was on time and the packaging was good.,stephanie03@hotmail.com
2024-12-12,"Delivery took longer than expected, but the product is good.",kristinwatson@hotmail.com
2024-06-09,The website is easy to navigate and user-friendly.,brookenichols@hotmail.com
2024-10-21,"Great customer service, very satisfied.",kellygriffin@sanders.info
2024-11-04,"Terrible delivery service, package arrived damaged.",wrobertson@hotmail.com
2024-08-01,Customer support was very helpful and resolved my issue quickly.,johnsoncraig@reyes.com
2024-06-17,Delivery was on time and the packaging was good.,harrisonshelby@thompson.com
2024-12-14,"Support team was unresponsive, had to wait a long time.",phillipmcintosh@watson-smith.net
2024-06-12,The product is very user-friendly and well-designed.,zcook@yahoo.com
2024-12-04,"Great quality, would recommend to others.",hicksmichael@kelly.org
2024-11-24,"Package was lost in transit, very disappointed.",thomaselizabeth@gmail.com
2024-12-05,"Fast delivery, very impressed.",jessicamartin@hotmail.com
2024-11-08,"Great quality, would recommend to others.",danielsanders@gilbert.org
2024-11-21,Customer support was very helpful and resolved my issue quickly.,matthewjackson@walker.com
2024-08-28,Customer support was rude and unhelpful.,edward69@gmail.com
2024-10-03,"Delivery was late, not happy with the service.",westlori@norris.com
2024-12-02,"Package was lost in transit, very disappointed.",yhines@graham-rosario.com
2024-11-04,"Impressed with the product quality, very durable.",calebrice@woods.com
2024-10-24,Customer support was very helpful and resolved my issue quickly.,miranda80@thomas-grimes.com
2024-12-24,"Package was lost in transit, very disappointed.",taylor56@larsen-decker.com
2024-06-24,The quality of the product is subpar.,kevinbrown@yahoo.com
2024-09-17,"Delivery was late, not happy with the service.",swilliams@yahoo.com
2024-09-09,"Fast delivery, very impressed.",nortonmichael@lee-davenport.biz
2024-07-20,"I love the product, it works perfectly.",fredwilliams@allen.com
2024-09-12,"Great quality, would recommend to others.",brendawood@yahoo.com
2024-09-01,"Terrible delivery service, package arrived damaged.",adamsjimmy@berry-smith.net
2024-11-20,The website is easy to navigate and user-friendly.,nicole71@johnson.net
2024-01-25,The website is easy to navigate and user-friendly.,susangarcia@yahoo.com
2024-12-01,"Package was lost in transit, very disappointed.",sherribartlett@hotmail.com
2024-12-05,"Great customer service, very satisfied.",thomasjoshua@chandler.com
2024-12-14,"Great quality, would recommend to others.",derrick38@dalton-evans.com
2024-10-20,"Fast delivery, very impressed.",imyers@wiggins-rose.com
2024-09-08,Customer support was rude and unhelpful.,stewartstephanie@gmail.com
2024-12-22,"Delivery was late, not happy with the service.",lorettamills@harrison-mitchell.com
2024-12-21,"The product quality is excellent, very satisfied.",espinozabill@gmail.com
2024-11-25,"Package was lost in transit, very disappointed.",tcasey@crawford-sanders.com
2024-12-17,"I love the product, it works perfectly.",eric04@clark-hernandez.com
2024-12-24,"Great quality, would recommend to others.",courtney43@hall.com
2024-11-28,"Delivery took longer than expected, but the product is good.",christinavelez@hotmail.com
2024-11-25,The price is reasonable for the quality offered.,kirbyseth@smith-floyd.com
2024-11-27,"The product is faulty, I want a refund.",twilliams@moore.com
2024-10-25,"The product quality is excellent, very satisfied.",jerry59@hotmail.com
2024-10-15,"Package was lost in transit, very disappointed.",joshua69@jones.com
2024-12-13,"Delivery was late, not happy with the service.",jesus63@rodriguez.com
2024-04-07,Customer support was rude and unhelpful.,coxkatherine@carter.org
2024-12-06,"Terrible delivery service, package arrived damaged.",william23@moore-hood.org
2024-10-03,"The product quality is poor, not worth the price.",philipramos@gmail.com
2024-05-22,"Support team was unresponsive, had to wait a long time.",fgriffin@pittman.biz
2024-12-13,"Support team was unresponsive, had to wait a long time.",iacosta@yahoo.com
2024-12-13,"The product quality is poor, not worth the price.",zleon@holmes.info
2024-11-24,"Package was lost in transit, very disappointed.",mjackson@gmail.com
2024-07-10,"The product quality is poor, not worth the price.",trodriguez@thompson.com
2024-07-18,"The product itself is amazing, very happy with it.",jessereed@valdez-hester.com
2024-11-22,"The product is faulty, I want a refund.",gibbselizabeth@wagner.com
2024-12-05,"Delivery was late, not happy with the service.",davidlee@compton.org
2024-12-20,The product quality is disappointing.,smithjoseph@petty.org
2024-12-06,The price is reasonable for the quality offered.,hoodryan@combs.com
2024-11-26,"Impressed with the product quality, very durable.",marquezmichael@hotmail.com
2024-12-11,"Terrible delivery service, package arrived damaged.",janethenry@hotmail.com
2024-12-21,"Delivery was late, not happy with the service.",galvanmarisa@murillo.com
2024-12-03,"I love the product, it works perfectly.",moorekathryn@stone.com
2024-12-14,Delivery was on time and the packaging was good.,nicholas75@lee-diaz.net
2024-11-24,"Great quality, would recommend to others.",higginsjohn@kim.info
2024-12-09,"Support team was unresponsive, had to wait a long time.",whitakersteven@yahoo.com
2024-12-05,"Delivery took longer than expected, but the product is good.",james42@yahoo.com
2024-08-17,"Delivery was late, not happy with the service.",jennifer62@yahoo.com
2024-12-06,"The product is faulty, I want a refund.",kimberly92@alvarez.com
2024-06-07,The quality of the product is subpar.,morrowjulie@bryant.info
2024-12-19,The quality of the product is subpar.,qnguyen@anderson.com
2024-06-12,"The product quality is poor, not worth the price.",kmitchell@hotmail.com
2024-11-29,"Package was lost in transit, very disappointed.",melindamorales@wilkins.biz
2024-11-26,"Delivery took longer than expected, not happy with the service.",jimenezcarol@hull-dodson.com
2024-11-18,"Delivery was late, not happy with the service.",mcbridebrittany@gmail.com
2024-12-21,"Fast delivery, very impressed.",hansonchristina@gmail.com
2024-11-23,The product is very user-friendly and well-designed.,daniel28@yahoo.com
2024-11-22,"Great customer service, very satisfied.",daniellebrown@reed.info
2024-06-04,Delivery was on time and the packaging was good.,chardy@yahoo.com
2024-08-08,Customer support was rude and unhelpful.,amberbarnes@oconnor.com
2024-06-05,The website is easy to navigate and user-friendly.,michaelwarner@yahoo.com
2024-10-30,"The product is faulty, I want a refund.",gonzalezbrandon@navarro.com
2024-11-29,"Fast delivery, very impressed.",otaylor@gmail.com
2024-07-20,Customer support was very helpful and resolved my issue quickly.,christina66@hotmail.com
2024-10-27,"The product quality is poor, not worth the price.",cathymorse@yahoo.com
2024-12-04,The website is easy to navigate and user-friendly.,fordcharles@fisher-peterson.com
2024-11-28,Delivery was on time and the packaging was good.,jasonholloway@michael-gomez.net
2024-06-13,The product did not meet my expectations.,simsvictoria@west.net
2024-12-06,The price is reasonable for the quality offered.,schroedermichael@taylor-byrd.net
2024-09-03,"Support team was unresponsive, had to wait a long time.",lsimon@yahoo.com
2024-04-18,"Delivery was late, not happy with the service.",whodge@gmail.com
2024-03-06,The website is easy to navigate and user-friendly.,lthomas@barnes.com
2024-12-21,"Great customer service, very satisfied.",robinflowers@yahoo.com
2024-03-23,"Delivery took longer than expected, but the product is good.",jacobsmelanie@walker.org
2024-12-05,"Delivery was late, not happy with the service.",gabriellejohns@gmail.com
2024-05-02,"The product itself is amazing, very happy with it.",gomezrichard@yahoo.com
2024-08-24,The website is easy to navigate and user-friendly.,joshuacook@beck-johnson.com
2024-07-17,Customer support was very helpful and resolved my issue quickly.,hilljulia@spence-cooper.info
2024-12-03,"The product itself is amazing, very happy with it.",margaretgentry@barber-perez.com
2024-11-24,"Delivery was late, not happy with the service.",shawanthony@gmail.com
2024-11-06,"Terrible delivery service, package arrived damaged.",grogers@gmail.com
2024-11-27,The product broke after a week of use.,patrickcontreras@rojas.com
2024-12-16,"I love the product, it works perfectly.",wardcheryl@yahoo.com
2024-12-18,The quality of the product is subpar.,susanbrown@gmail.com
2024-11-22,The product broke after a week of use.,fredmoore@gmail.com
2024-08-22,The product quality is disappointing.,jacksonamy@scott.org
2024-12-18,"Delivery was late, not happy with the service.",melissasmith@gmail.com
2024-11-25,Delivery was on time and the packaging was good.,keithrice@ward.com
2024-11-20,"Package was lost in transit, very disappointed.",michaeldonaldson@gmail.com
2024-11-28,"Delivery took longer than expected, but the product is good.",brandonrussell@hotmail.com
2024-12-09,"The product itself is amazing, very happy with it.",dianegross@brandt-zamora.com
2024-12-15,"Package was lost in transit, very disappointed.",lgalvan@hotmail.com
2024-07-18,"Delivery took longer than expected, but the product is good.",masonmichelle@hotmail.com
2024-12-19,The product quality is disappointing.,kirkhill@yahoo.com
2024-12-09,"The product itself is amazing, very happy with it.",njordan@hotmail.com
2024-12-18,"Delivery was late, not happy with the service.",sandersjermaine@delgado.com
2024-12-24,"Fast delivery, very impressed.",daniel79@gmail.com
2024-12-06,"The product itself is amazing, very happy with it.",janet56@gmail.com
2024-12-15,"Delivery took longer than expected, but the product is good.",ismith@gmail.com
2024-11-22,Customer support was rude and unhelpful.,williamsmichele@gmail.com
2024-11-24,Delivery was on time and the packaging was good.,gregorywright@hotmail.com
2024-12-13,"Delivery took longer than expected, not happy with the service.",kristen65@boyd.com
2024-10-29,"The product quality is poor, not worth the price.",branditurner@gentry-mcguire.com
2024-08-14,"Fast delivery, very impressed.",aguilarmegan@gmail.com
2024-12-09,Customer support was rude and unhelpful.,alexandrianicholson@lam-phillips.info
2024-12-01,"Package was lost in transit, very disappointed.",kelseyturner@gmail.com
2024-10-27,The price is reasonable for the quality offered.,carterfrances@yahoo.com
2024-12-08,"The product is faulty, I want a refund.",rogersconnie@hotmail.com
2024-12-07,"Delivery took longer than expected, but the product is good.",matthew18@gmail.com
2024-08-30,"Fast delivery, very impressed.",albert52@yahoo.com
2024-01-23,"The product quality is excellent, very satisfied.",villarrealkyle@wilson.info
2024-11-07,"Fast delivery, very impressed.",nicholas92@yahoo.com
2024-02-02,"I love the product, it works perfectly.",fordkathy@travis.net
2024-12-13,"Delivery took longer than expected, not happy with the service.",alexandra45@yahoo.com
2024-07-08,Customer support was rude and unhelpful.,brendaclark@gmail.com
2024-06-02,"Fast delivery, very impressed.",rlopez@yahoo.com
2024-01-09,The website is easy to navigate and user-friendly.,loriharvey@yahoo.com
2024-12-09,"Great customer service, very satisfied.",andrea93@johnson.org
2024-11-21,"Terrible delivery service, package arrived damaged.",ronaldgraves@williams-matthews.com
2024-12-03,"Delivery was late, not happy with the service.",hcarter@hotmail.com
2024-07-14,"Great customer service, very satisfied.",uyoung@gmail.com
2024-04-09,"The product itself is amazing, very happy with it.",jeffersongregg@yahoo.com
2024-11-28,Customer support was very helpful and resolved my issue quickly.,kreilly@brown.com
2024-11-21,The quality of the product is subpar.,kirstenharris@hotmail.com
2024-11-29,"Delivery was late, not happy with the service.",perrycampbell@yahoo.com
2024-11-27,Delivery was on time and the packaging was good.,kimberly94@richards.com
2024-12-12,"Delivery took longer than expected, not happy with the service.",cgomez@combs.net
2024-12-01,The product broke after a week of use.,bradley29@hotmail.com
2024-10-26,"Delivery took longer than expected, but the product is good.",alejandromiller@scott.biz
2024-11-20,"Delivery took longer than expected, but the product is good.",alvareztimothy@douglas.org
2024-11-22,"Delivery took longer than expected, but the product is good.",olsonshane@hotmail.com
2024-11-26,Delivery was on time and the packaging was good.,heather89@pacheco.info
2024-12-08,"Great quality, would recommend to others.",smithmatthew@hotmail.com
2024-08-28,"Fast delivery, very impressed.",eeverett@walker.info
2024-03-30,"Fast delivery, very impressed.",michaelmurphy@vazquez-williams.com
2024-10-02,"Impressed with the product quality, very durable.",cindy10@gmail.com
2024-10-08,The product broke after a week of use.,lisa18@melendez.com
2024-11-13,"The product is faulty, I want a refund.",virginiagutierrez@figueroa-santana.com
2024-12-09,"Package was lost in transit, very disappointed.",rhall@garcia.info
2024-09-05,"The product quality is excellent, very satisfied.",brichardson@hotmail.com
2024-02-14,Customer support was rude and unhelpful.,palmermary@rocha.com
2024-12-02,"Impressed with the product quality, very durable.",hickskristi@andrews.info
2024-11-25,"Delivery took longer than expected, not happy with the service.",christinehenderson@hines.org
2024-12-01,"Terrible delivery service, package arrived damaged.",pholmes@yahoo.com
2024-12-13,"Delivery took longer than expected, not happy with the service.",iruiz@mcpherson.com
2024-12-19,The product did not meet my expectations.,carl21@lopez.com
2024-02-12,"Package was lost in transit, very disappointed.",ashley10@floyd.com
2024-12-03,"Delivery was late, not happy with the service.",david97@hayes.com
2024-12-16,"The product quality is excellent, very satisfied.",morganpatel@hamilton-price.com
2024-11-30,Delivery was on time and the packaging was good.,ryan74@hotmail.com
2024-08-17,"Great quality, would recommend to others.",cshelton@gmail.com
2024-12-03,"The product quality is poor, not worth the price.",darlene49@matthews.com
2024-12-09,"Impressed with the product quality, very durable.",brianhamilton@hickman.com
2024-12-16,"Fast delivery, very impressed.",patelrobert@gmail.com
2024-07-15,The website is easy to navigate and user-friendly.,bellisaiah@yahoo.com
2024-11-28,Delivery was on time and the packaging was good.,bradfordbecky@meyers-gentry.org
2024-12-05,The product did not meet my expectations.,djimenez@hotmail.com
2024-12-14,"Delivery was late, not happy with the service.",susan70@bishop.com
2024-12-15,"Great quality, would recommend to others.",rmorgan@vega.com
2024-11-20,"I love the product, it works perfectly.",lisa17@hotmail.com
2024-12-07,Delivery was on time and the packaging was good.,scottkevin@yahoo.com
2024-11-11,"The product itself is amazing, very happy with it.",bennettnathan@gmail.com
2024-12-15,"Delivery was late, not happy with the service.",angelica69@gmail.com
2024-12-20,The product broke after a week of use.,coxanthony@gmail.com
2024-06-08,Customer support was rude and unhelpful.,cassandrahernandez@murray.com
2024-10-14,The product did not meet my expectations.,christophercastaneda@gmail.com
2024-09-16,"Support team was unresponsive, had to wait a long time.",kurt27@nichols-bryant.biz
2024-12-01,"The product itself is amazing, very happy with it.",briggsjohnny@gmail.com
2024-09-16,"Delivery was late, not happy with the service.",millersean@harrison.biz
2024-12-01,"Terrible delivery service, package arrived damaged.",anna36@hill-jackson.net
2024-12-12,"Delivery was late, not happy with the service.",ibarraanna@rangel.com
2024-12-05,"The product is faulty, I want a refund.",lmyers@rice.info
2024-12-16,"Support team was unresponsive, had to wait a long time.",thenderson@hotmail.com
2024-11-29,Customer support was very helpful and resolved my issue quickly.,smithbenjamin@lang-gonzalez.net
2024-09-05,"Terrible delivery service, package arrived damaged.",dbailey@waller.net
2024-12-09,The product did not meet my expectations.,codykennedy@gmail.com
2024-10-28,"The product is faulty, I want a refund.",tsmith@yahoo.com
2024-12-06,"I love the product, it works perfectly.",laurengray@williams-archer.com
2024-10-18,The product is very user-friendly and well-designed.,anna01@hodges-haney.com
2024-02-12,Customer support was rude and unhelpful.,david59@solomon-morton.info
2024-09-21,"Impressed with the product quality, very durable.",riveramatthew@wilson.com
2024-12-01,Delivery was on time and the packaging was good.,sharper@yahoo.com
2024-09-26,"Delivery was late, not happy with the service.",laura04@young.info
2024-11-24,"The product quality is poor, not worth the price.",walkerwilliam@hotmail.com
2024-12-10,"Terrible delivery service, package arrived damaged.",davidhall@prince-house.com
2024-12-18,"Terrible delivery service, package arrived damaged.",danielmorris@miller.net
2024-08-20,"Delivery took longer than expected, but the product is good.",jasonjohnson@crawford-mcintyre.biz
2024-11-26,"The product is faulty, I want a refund.",debbiehall@hotmail.com
2024-12-24,"Support team was unresponsive, had to wait a long time.",xmckee@beltran.com
2024-03-08,The product broke after a week of use.,carterbrittany@petersen.com
2024-12-19,"The product is faulty, I want a refund.",uhernandez@gmail.com
2024-12-06,Customer support was very helpful and resolved my issue quickly.,vharris@stanton-turner.com
2024-12-15,"The product itself is amazing, very happy with it.",michael03@gmail.com
2024-12-04,The product broke after a week of use.,jonesnancy@rodriguez-lowe.com
2024-11-27,"Fast delivery, very impressed.",timothy95@hotmail.com
2024-12-11,"Great quality, would recommend to others.",kimthompson@gmail.com
2024-11-21,"Delivery was late, not happy with the service.",gelliott@jacobs-turner.com
2024-12-05,"Package was lost in transit, very disappointed.",jaclyn44@hotmail.com
2024-12-09,Delivery was on time and the packaging was good.,jessicafleming@yahoo.com
2024-12-21,The product did not meet my expectations.,wturner@gmail.com
2024-10-22,The product did not meet my expectations.,steven68@gray.net
2024-12-06,"Terrible delivery service, package arrived damaged.",donna64@maddox-davis.com
2024-11-29,"I love the product, it works perfectly.",mark22@dawson-fields.com
2024-12-07,"The product quality is excellent, very satisfied.",ronald61@cantu-smith.com
2024-08-22,"Delivery was late, not happy with the service.",riosjacob@yahoo.com
2024-08-30,"Terrible delivery service, package arrived damaged.",anthonyalvarado@thompson.com
2024-11-06,Customer support was rude and unhelpful.,davidsalas@werner.com
2024-11-05,The price is reasonable for the quality offered.,wrightjonathan@patel.com
2024-07-22,The product quality is disappointing.,williamray@gmail.com
2024-12-23,The product did not meet my expectations.,lorilowe@hotmail.com
2024-10-31,"I love the product, it works perfectly.",williamwarren@hotmail.com
2024-12-06,"The product itself is amazing, very happy with it.",abigail78@yahoo.com
2024-11-23,"I love the product, it works perfectly.",raysara@gmail.com
2024-11-28,Delivery was on time and the packaging was good.,ismith@craig.biz
2024-12-16,"Package was lost in transit, very disappointed.",christopher94@hotmail.com
2024-12-08,"Great customer service, very satisfied.",michael68@burton.info
2024-07-09,The price is reasonable for the quality offered.,ublake@gmail.com
2024-12-04,"The product quality is excellent, very satisfied.",zunigamicheal@wolfe.com
2024-07-23,"Delivery took longer than expected, but the product is good.",archeralexis@schwartz-moss.com
2024-12-02,Delivery was on time and the packaging was good.,karen12@short.com
2024-12-12,The product quality is disappointing.,fbaker@johnson.com
2024-12-22,Customer support was very helpful and resolved my issue quickly.,jennifer53@clark.com
2024-07-26,"Delivery was late, not happy with the service.",hmckee@hotmail.com
2024-03-30,"The product itself is amazing, very happy with it.",kjohnson@yahoo.com
2024-11-28,"Delivery took longer than expected, but the product is good.",jonathanrivera@ramirez.com
2024-12-09,Delivery was on time and the packaging was good.,qjohnson@jackson.net
2024-10-21,"Support team was unresponsive, had to wait a long time.",sarayoung@gmail.com
2024-07-30,"Delivery took longer than expected, but the product is good.",fbuchanan@hall-fritz.com
2024-12-20,"Impressed with the product quality, very durable.",jaredgraves@garcia.net
2024-12-15,"The product quality is excellent, very satisfied.",jackduran@benson.com
2024-12-18,"Package was lost in transit, very disappointed.",ubean@hotmail.com
2024-12-15,The website is easy to navigate and user-friendly.,eriksawyer@ward.org
2024-11-23,Delivery was on time and the packaging was good.,robertlewis@hill-ramirez.info
2024-12-03,The website is easy to navigate and user-friendly.,nskinner@garcia-johnson.info
2024-12-05,"The product quality is poor, not worth the price.",scottlong@gmail.com
2024-11-26,The product broke after a week of use.,charles90@gmail.com
2024-02-14,"Great quality, would recommend to others.",uknox@hawkins.com
2024-12-08,"Impressed with the product quality, very durable.",karenduncan@hotmail.com
2024-11-03,"Package was lost in transit, very disappointed.",mariastewart@hotmail.com
2024-06-27,"Terrible delivery service, package arrived damaged.",qgriffith@meadows.net
2024-10-27,The price is reasonable for the quality offered.,warren25@gmail.com
2024-07-22,"Delivery was late, not happy with the service.",davidsaunders@hotmail.com
2024-09-29,"Delivery took longer than expected, but the product is good.",xford@gmail.com
2024-11-19,"Great customer service, very satisfied.",shawnwaller@carter-thompson.biz
2024-12-05,"Fast delivery, very impressed.",tdavis@yahoo.com
2024-12-08,"Great quality, would recommend to others.",mccartydaniel@gmail.com
2024-11-28,"The product quality is excellent, very satisfied.",ninadavenport@gonzalez.com
2024-02-04,"Fast delivery, very impressed.",gonzalesjohn@hotmail.com
2024-09-18,"Support team was unresponsive, had to wait a long time.",patrick81@jones.org
2024-08-01,The product broke after a week of use.,chebert@fernandez.net
2024-07-19,The quality of the product is subpar.,david84@yahoo.com
2024-08-13,"Package was lost in transit, very disappointed.",ryansmith@gmail.com
2024-04-28,"Delivery was late, not happy with the service.",anna87@yahoo.com
2024-07-11,"Great quality, would recommend to others.",xjohnson@gmail.com
2024-12-18,"Package was lost in transit, very disappointed.",philipsmith@gmail.com
2024-11-26,"The product quality is poor, not worth the price.",john57@yahoo.com
2024-12-19,The price is reasonable for the quality offered.,kellyvalenzuela@bolton.info
2024-11-20,"Delivery took longer than expected, not happy with the service.",smithangela@gmail.com
2024-12-15,"Package was lost in transit, very disappointed.",robinsonaaron@harrison.com
2024-08-01,"Terrible delivery service, package arrived damaged.",nolankenneth@summers.biz
2024-11-25,"The product quality is poor, not worth the price.",laurenbrown@steele.com
2024-11-21,Delivery was on time and the packaging was good.,brittany86@mitchell-jimenez.info
2024-07-28,"Impressed with the product quality, very durable.",briannacunningham@russell.com
2024-12-05,"Package was lost in transit, very disappointed.",terrencecruz@gmail.com
2024-12-14,Customer support was very helpful and resolved my issue quickly.,hjensen@robinson.org
2024-10-11,Customer support was very helpful and resolved my issue quickly.,josephthomas@forbes-phillips.org
2024-12-09,"Delivery was late, not happy with the service.",laura70@lee-thomas.biz
2024-12-17,"Delivery took longer than expected, not happy with the service.",chaveztyler@perkins.net
2024-12-05,"I love the product, it works perfectly.",kharvey@gmail.com
2024-12-03,"I love the product, it works perfectly.",idavis@walton.biz
2024-08-31,"Support team was unresponsive, had to wait a long time.",anthony74@flores.com
2024-12-22,Delivery was on time and the packaging was good.,radams@hotmail.com
2024-09-25,"Great customer service, very satisfied.",danasmith@yahoo.com
2024-12-19,Delivery was on time and the packaging was good.,brandon83@ortiz-schmidt.com
2024-05-16,Delivery was on time and the packaging was good.,michael80@mckenzie-williams.com
2024-12-04,The product is very user-friendly and well-designed.,john42@yahoo.com
2024-11-26,Customer support was rude and unhelpful.,ajordan@hotmail.com
2024-12-08,"Fast delivery, very impressed.",fieldschristopher@brown-roberts.biz
2024-11-24,"Terrible delivery service, package arrived damaged.",jonesbradley@yahoo.com
2024-09-20,"Great quality, would recommend to others.",nicholas95@hotmail.com
2024-11-26,Delivery was on time and the packaging was good.,lhumphrey@andersen-myers.org
2024-12-06,"Terrible delivery service, package arrived damaged.",cassandrastevenson@gmail.com
2024-07-13,"The product is faulty, I want a refund.",colleenwhitaker@yahoo.com
2024-11-29,The price is reasonable for the quality offered.,nicolewilliamson@hughes.com
2024-07-14,The product did not meet my expectations.,jacobwhite@yahoo.com
2024-12-05,"The product quality is excellent, very satisfied.",marquezalexandra@hotmail.com
2024-11-28,"Fast delivery, very impressed.",leonard59@yahoo.com
2024-12-11,"Impressed with the product quality, very durable.",cdixon@shannon.com
2024-11-25,Delivery was on time and the packaging was good.,reedantonio@gmail.com
2024-11-29,"Delivery was late, not happy with the service.",williamskristina@roberts-adkins.com
2024-12-17,"Delivery took longer than expected, but the product is good.",lambtrevor@moore.com
2024-01-16,"Fast delivery, very impressed.",lwashington@hotmail.com
2024-01-14,"Fast delivery, very impressed.",asmith@stout-smith.info
2024-12-02,"Fast delivery, very impressed.",rlopez@gmail.com
2024-11-23,"The product is faulty, I want a refund.",pamelachavez@hayes.com
2024-12-22,"Package was lost in transit, very disappointed.",sherry85@yahoo.com
2024-12-02,"Delivery was late, not happy with the service.",butleradam@kelly.com
2024-12-13,"I love the product, it works perfectly.",brian76@kent-gonzalez.info
2024-11-24,"Great customer service, very satisfied.",ashleycollins@perez.org
2024-08-08,"Delivery took longer than expected, but the product is good.",jonathan51@gmail.com
2024-12-20,The product is very user-friendly and well-designed.,fingram@bennett.org
2024-12-05,"Great customer service, very satisfied.",ajackson@french.biz
2024-12-02,"Fast delivery, very impressed.",thomaszimmerman@gmail.com
2024-12-08,"Impressed with the product quality, very durable.",aramirez@yahoo.com
2024-11-22,The price is reasonable for the quality offered.,rodriguezkimberly@hotmail.com
2024-12-08,The product broke after a week of use.,justin57@woodard.org
2024-12-04,"The product itself is amazing, very happy with it.",cmelton@wright.com
2024-11-21,Customer support was rude and unhelpful.,laurenclark@gmail.com
2024-05-08,"The product quality is excellent, very satisfied.",ramseycourtney@richardson.biz
2024-09-07,"Terrible delivery service, package arrived damaged.",adamsdavid@long-joseph.com
2024-01-14,"Fast delivery, very impressed.",robert85@yahoo.com
2024-10-25,"The product itself is amazing, very happy with it.",brownanita@hotmail.com
2024-11-20,Delivery was on time and the packaging was good.,xspence@rios.com
2024-11-27,"Fast delivery, very impressed.",mterry@yahoo.com
2024-04-28,"Support team was unresponsive, had to wait a long time.",etran@williams.com
2024-12-06,The website is easy to navigate and user-friendly.,kylesmith@graham.com
2024-02-06,"Delivery took longer than expected, but the product is good.",ginamorrison@yahoo.com
2024-02-17,"Terrible delivery service, package arrived damaged.",nraymond@yahoo.com
2024-12-01,"The product itself is amazing, very happy with it.",krogers@johnson-buckley.com
2024-12-01,"Package was lost in transit, very disappointed.",jameswade@gardner-weaver.info
2024-11-21,The price is reasonable for the quality offered.,avilaroger@gmail.com
2024-04-08,"Great customer service, very satisfied.",joshuabennett@ayala.info
2024-01-16,"Package was lost in transit, very disappointed.",juliegonzalez@hicks-todd.com
2024-11-29,The product did not meet my expectations.,melissa25@lang.net
2024-12-19,Delivery was on time and the packaging was good.,gharris@gmail.com
2024-12-02,The website is easy to navigate and user-friendly.,mercerkelsey@gmail.com
2024-07-08,The product did not meet my expectations.,nicholeward@hotmail.com
2024-12-07,The product broke after a week of use.,austin97@gmail.com
2024-06-11,"Fast delivery, very impressed.",calebchan@hill.com
2024-12-04,Delivery was on time and the packaging was good.,hancockrussell@gmail.com
2024-02-22,"Package was lost in transit, very disappointed.",robertsonbarbara@bennett-park.com
2024-12-15,"Delivery took longer than expected, but the product is good.",sgarrison@wade.net
2024-09-21,The product did not meet my expectations.,kevinnicholson@gmail.com
2024-12-03,"Package was lost in transit, very disappointed.",laura33@nguyen.com
2024-12-16,The product did not meet my expectations.,jdoyle@gmail.com
2024-12-22,Customer support was rude and unhelpful.,teresarodriguez@hotmail.com
2024-05-27,The product did not meet my expectations.,scotterik@smith.com
2024-12-14,"Impressed with the product quality, very durable.",pattersoncrystal@gmail.com
2024-06-21,"The product is faulty, I want a refund.",marissamorrison@marquez.com
2024-12-09,"Fast delivery, very impressed.",susanjohnson@yahoo.com
2024-10-09,The quality of the product is subpar.,meganlee@gmail.com
2024-01-26,"Delivery was late, not happy with the service.",riversevelyn@brooks-johnson.biz
2024-12-05,The product broke after a week of use.,jason29@oliver-english.biz
2024-05-23,"Great quality, would recommend to others.",bernardsean@wallace.info
2024-07-21,Customer support was very helpful and resolved my issue quickly.,rickycopeland@yahoo.com
2024-11-20,"Delivery took longer than expected, but the product is good.",robert60@hotmail.com
2024-12-03,The product quality is disappointing.,elizabetholiver@gmail.com
2024-11-25,"The product quality is poor, not worth the price.",keithbarrera@gmail.com
2024-11-22,"Fast delivery, very impressed.",johnsontony@goodwin.com
2024-11-24,"The product is faulty, I want a refund.",raymond80@merritt-ferguson.com
2024-12-14,"I love the product, it works perfectly.",edgar94@brown.com
2024-12-07,"Great quality, would recommend to others.",hernandezbrianna@yahoo.com
2024-10-29,"The product is faulty, I want a refund.",neil92@gmail.com
2024-08-30,"Great quality, would recommend to others.",bendereric@hotmail.com
2024-11-25,Customer support was rude and unhelpful.,mgarrison@yahoo.com
2024-11-04,"Fast delivery, very impressed.",qjohnson@hotmail.com
2024-11-16,The quality of the product is subpar.,heather18@atkins.net
2024-12-19,"Impressed with the product quality, very durable.",deborahmejia@yahoo.com
2024-11-21,"Package was lost in transit, very disappointed.",sclements@houston.com
2024-12-08,"Terrible delivery service, package arrived damaged.",nharrington@lawrence.com
2024-08-02,"Fast delivery, very impressed.",yhernandez@hotmail.com
2024-11-21,"Delivery took longer than expected, but the product is good.",msmith@cross.com
2024-11-22,"The product quality is poor, not worth the price.",cory82@gmail.com
2024-01-01,"Great quality, would recommend to others.",dalton17@sharp-porter.com
2024-12-19,"Great quality, would recommend to others.",sgonzales@hotmail.com
2024-09-15,The product quality is disappointing.,vrodriguez@yahoo.com
2024-10-28,Customer support was rude and unhelpful.,williamscarla@yahoo.com
2024-04-10,"Delivery took longer than expected, but the product is good.",ibrock@hotmail.com
2024-02-14,"Impressed with the product quality, very durable.",philip14@gmail.com
2024-05-30,The product is very user-friendly and well-designed.,danadavis@johnson-braun.info
2024-12-15,Delivery was on time and the packaging was good.,christine62@lynn-white.com
2024-12-19,"Great quality, would recommend to others.",juansutton@gutierrez.net
2024-05-27,"I love the product, it works perfectly.",kelli94@vasquez.biz
2024-12-02,The quality of the product is subpar.,michellerobertson@yahoo.com
2024-08-21,Customer support was rude and unhelpful.,marcuswashington@hotmail.com
2024-12-20,"Impressed with the product quality, very durable.",rkeller@kramer-park.com
2024-12-18,"Support team was unresponsive, had to wait a long time.",kevin93@baker.org
2024-05-24,"The product itself is amazing, very happy with it.",melissa19@gmail.com
2024-12-12,"The product quality is excellent, very satisfied.",alexanderlawrence@gmail.com
2024-07-19,Delivery was on time and the packaging was good.,lrose@yahoo.com
2024-12-01,"Package was lost in transit, very disappointed.",brucesamuel@warner-silva.info
2024-02-25,"Package was lost in transit, very disappointed.",ngraves@watkins.info
2024-12-15,Customer support was rude and unhelpful.,kellie02@king.net
2024-12-09,"Terrible delivery service, package arrived damaged.",edalton@gmail.com
2024-11-26,The website is easy to navigate and user-friendly.,bcoleman@ramirez-blackburn.com
2024-12-22,"Delivery took longer than expected, not happy with the service.",ssimmons@yahoo.com
2024-05-07,Delivery was on time and the packaging was good.,jamieperry@hunter.com
2024-11-23,"Delivery was late, not happy with the service.",williamrice@reyes-nelson.com
2024-11-29,The product is very user-friendly and well-designed.,glester@smith.com
2024-07-29,The quality of the product is subpar.,christophercastillo@massey.com
2024-03-15,"Terrible delivery service, package arrived damaged.",stevensonandrea@gmail.com
2024-12-08,"Fast delivery, very impressed.",vhouston@foster.com
2024-12-24,"Delivery took longer than expected, but the product is good.",michael72@thomas.net
2024-04-20,"Great quality, would recommend to others.",mariawilliams@bryant-shah.org
2024-11-10,"Terrible delivery service, package arrived damaged.",bbass@warren.com
2024-12-16,"Great customer service, very satisfied.",perryfelicia@dean-bradley.org
2024-08-09,"Terrible delivery service, package arrived damaged.",rachel01@gmail.com
2024-12-16,"Great customer service, very satisfied.",kristen51@gmail.com
2024-11-24,The product broke after a week of use.,iturner@hotmail.com
2024-11-28,The product broke after a week of use.,wendymartinez@hotmail.com
2024-11-23,The website is easy to navigate and user-friendly.,stephen19@johnson.com
2024-04-26,The product quality is disappointing.,mercerstephen@smith-baker.com
2024-11-23,"I love the product, it works perfectly.",xramos@montoya-murray.com
2024-12-24,"Delivery was late, not happy with the service.",sethwilliams@harmon-armstrong.info
2024-12-24,"Fast delivery, very impressed.",dannycole@gmail.com
2024-02-23,The product broke after a week of use.,johnsonchristopher@hotmail.com
2024-09-27,The product quality is disappointing.,ymcclain@guzman.com
2024-12-05,"I love the product, it works perfectly.",mscott@brock.info
2024-12-19,"Package was lost in transit, very disappointed.",dhernandez@yahoo.com
2024-12-02,"The product is faulty, I want a refund.",fcollins@perez.net
2024-12-08,"Terrible delivery service, package arrived damaged.",whitejacob@gmail.com
2024-12-07,"Delivery took longer than expected, but the product is good.",ybaldwin@hotmail.com
2024-12-15,The product quality is disappointing.,cduncan@blair-smith.com
2024-08-10,"I love the product, it works perfectly.",castillowayne@hamilton.org
2024-08-31,"Delivery took longer than expected, but the product is good.",jesse65@carr.org
2024-12-06,"The product itself is amazing, very happy with it.",powerstimothy@gmail.com
2024-01-29,The price is reasonable for the quality offered.,leah04@gmail.com
2024-12-13,"The product quality is excellent, very satisfied.",bauerfrederick@hotmail.com
2024-07-29,The product quality is disappointing.,caseylisa@carr.org
2024-05-15,"Package was lost in transit, very disappointed.",lisabyrd@yahoo.com
2024-05-22,"The product quality is excellent, very satisfied.",josephweaver@tucker.com
2024-06-24,"Terrible delivery service, package arrived damaged.",jpatterson@jackson.com
2024-12-06,Delivery was on time and the packaging was good.,paulmartinez@gmail.com
2024-06-15,"Delivery took longer than expected, but the product is good.",steverobertson@hotmail.com
2024-11-22,"The product quality is poor, not worth the price.",yorkdiamond@hess-lewis.com
2024-07-24,"Terrible delivery service, package arrived damaged.",harrisdavid@hotmail.com
2024-06-15,Customer support was rude and unhelpful.,trevormaxwell@knight.com
2024-11-24,"Delivery took longer than expected, but the product is good.",lisabell@hotmail.com
2024-12-06,"Package was lost in transit, very disappointed.",harveykeith@gmail.com
2024-11-25,"Delivery took longer than expected, not happy with the service.",robert67@yahoo.com
2024-08-05,"Terrible delivery service, package arrived damaged.",gberry@gmail.com
2024-12-01,The product quality is disappointing.,williamjames@hotmail.com
2024-11-25,The product quality is disappointing.,john51@hotmail.com
2024-06-02,"I love the product, it works perfectly.",tdavis@gmail.com
2024-12-05,Customer support was very helpful and resolved my issue quickly.,russell95@gmail.com
2024-09-10,"Fast delivery, very impressed.",jessicajones@cox.com
2024-07-03,Delivery was on time and the packaging was good.,barbaraholt@gmail.com
2024-12-07,The product broke after a week of use.,michael50@gmail.com
2024-06-18,"Delivery took longer than expected, but the product is good.",qburgess@hill.biz
2024-12-01,"Terrible delivery service, package arrived damaged.",probertson@hotmail.com
2024-09-12,Customer support was rude and unhelpful.,elizabethfloyd@fischer.biz
2024-10-07,"Delivery took longer than expected, but the product is good.",qhill@hernandez.com
2024-12-17,"Delivery took longer than expected, but the product is good.",qbrown@yahoo.com
2024-12-08,"Delivery took longer than expected, not happy with the service.",fmills@patton.com
2024-01-17,Customer support was rude and unhelpful.,heatherbrown@durham-harrison.info
2024-12-18,"Delivery took longer than expected, but the product is good.",todd13@smith.com
2024-07-27,"Delivery took longer than expected, but the product is good.",drice@bell.com
2024-11-23,Delivery was on time and the packaging was good.,aaron16@mejia.com
2024-12-06,The product broke after a week of use.,davidwhite@hayes.org
2024-11-24,"Delivery took longer than expected, not happy with the service.",brenda78@simon.net
2024-12-01,The product is very user-friendly and well-designed.,morgan03@king-russell.com
2024-12-04,The website is easy to navigate and user-friendly.,vazquezjohn@forbes.info
2024-12-13,Customer support was rude and unhelpful.,yolanda09@gmail.com
2024-11-20,"Delivery took longer than expected, but the product is good.",john72@gmail.com
2024-12-23,The website is easy to navigate and user-friendly.,michelle64@yahoo.com
2024-07-12,"Delivery took longer than expected, but the product is good.",jerome76@gmail.com
2024-12-04,The product is very user-friendly and well-designed.,cpena@yahoo.com
2024-11-20,"Fast delivery, very impressed.",krivera@jones.org
2024-12-12,The product broke after a week of use.,renee67@yahoo.com
2024-06-29,Customer support was very helpful and resolved my issue quickly.,christopher67@hotmail.com
2024-11-27,The product broke after a week of use.,lewisdaniel@gmail.com
2024-11-26,"Delivery took longer than expected, not happy with the service.",philip19@gmail.com
2024-12-01,"Delivery was late, not happy with the service.",gabbott@hotmail.com
2024-11-21,"Support team was unresponsive, had to wait a long time.",kristyfisher@terrell-pierce.com
2024-09-21,The product is very user-friendly and well-designed.,amarshall@jones.com
2024-12-04,"Fast delivery, very impressed.",herrerapamela@gmail.com
2024-12-16,"Delivery was late, not happy with the service.",youngkenneth@scott.net
2024-12-06,"Delivery was late, not happy with the service.",iholt@ramirez.com
2024-05-21,The product did not meet my expectations.,rodriguezsamuel@hansen-stewart.com
2024-03-20,"Support team was unresponsive, had to wait a long time.",geraldjones@cantu.com
2024-12-01,The price is reasonable for the quality offered.,ihernandez@castro.com
2024-11-25,The product broke after a week of use.,greenmichael@stephenson-grant.com
2024-10-25,The price is reasonable for the quality offered.,twilson@yahoo.com
2024-11-23,"The product quality is excellent, very satisfied.",lesliemorales@gmail.com
2024-12-04,The quality of the product is subpar.,millerjason@sanchez.info
2024-11-22,"Terrible delivery service, package arrived damaged.",matthewsanchez@porter.com
2024-12-01,The product broke after a week of use.,cartermelissa@nguyen.com
2024-06-15,"Package was lost in transit, very disappointed.",uedwards@yahoo.com
2024-11-14,The price is reasonable for the quality offered.,jose21@yahoo.com
2024-12-20,Customer support was very helpful and resolved my issue quickly.,estradaautumn@nguyen.com
2024-12-14,Delivery was on time and the packaging was good.,gomezvictoria@gmail.com
2024-11-21,"The product itself is amazing, very happy with it.",jonathan88@gmail.com
2024-07-29,"Support team was unresponsive, had to wait a long time.",james82@thompson.com
2024-12-23,"The product quality is poor, not worth the price.",qboyd@friedman-ramirez.info
2024-08-23,The quality of the product is subpar.,scottsean@bradley-rowland.net
2024-10-19,"Delivery was late, not happy with the service.",carrmarc@gmail.com
2024-09-15,Delivery was on time and the packaging was good.,eringarcia@huynh.com
2024-11-25,"Great customer service, very satisfied.",paulgonzalez@yahoo.com
2024-08-20,The product quality is disappointing.,dyoung@yahoo.com
2024-11-26,Delivery was on time and the packaging was good.,danielcook@gmail.com
2024-12-15,"Fast delivery, very impressed.",nwashington@gmail.com
2024-06-03,The price is reasonable for the quality offered.,brandy09@hotmail.com
2024-07-06,The product broke after a week of use.,chad14@michael.com
2024-12-07,"Great quality, would recommend to others.",xjohnson@reyes.com
2024-08-07,"Support team was unresponsive, had to wait a long time.",colson@warner.net
2024-12-23,"Terrible delivery service, package arrived damaged.",ginajohnson@thompson.com
2024-07-19,The quality of the product is subpar.,moorejonathan@gmail.com
2024-05-07,"Package was lost in transit, very disappointed.",bateskim@hotmail.com
2024-06-17,Customer support was rude and unhelpful.,brianrubio@hotmail.com
2024-11-25,Customer support was very helpful and resolved my issue quickly.,gflynn@yahoo.com
2024-07-22,"The product quality is poor, not worth the price.",pinedashelby@andrade.com
2024-11-28,The product did not meet my expectations.,kevinshaw@hotmail.com
2024-12-05,The product broke after a week of use.,karagross@yahoo.com
2024-06-30,"Support team was unresponsive, had to wait a long time.",bcurtis@gmail.com
2024-12-02,"Delivery took longer than expected, not happy with the service.",ericevans@young.info
2024-07-08,"Package was lost in transit, very disappointed.",qjackson@hotmail.com
2024-12-18,"Terrible delivery service, package arrived damaged.",millersarah@morris.biz
2024-02-20,The product did not meet my expectations.,marcus89@tucker.net
2024-11-27,The website is easy to navigate and user-friendly.,nwashington@gmail.com
2024-11-26,"Terrible delivery service, package arrived damaged.",thomasbryant@johnson.com
2024-12-24,"Fast delivery, very impressed.",davidhamilton@gmail.com
2024-12-04,"The product is faulty, I want a refund.",williamsilva@davis.biz
2024-04-19,"The product itself is amazing, very happy with it.",michael22@kelley.com
2024-12-24,Delivery was on time and the packaging was good.,rosekim@griffin-wall.com
2024-12-12,"Impressed with the product quality, very durable.",jessica21@yahoo.com
2024-12-23,The product did not meet my expectations.,stanley68@myers.com
2024-05-24,"Delivery was late, not happy with the service.",ryan53@gmail.com
2024-12-01,"I love the product, it works perfectly.",freemandesiree@yahoo.com
2024-12-02,"Delivery took longer than expected, not happy with the service.",williamwalls@gmail.com
2024-12-23,"Fast delivery, very impressed.",zgreer@hotmail.com
2024-01-07,Customer support was rude and unhelpful.,qbrown@hotmail.com
2024-01-01,"The product quality is excellent, very satisfied.",candicefranklin@glenn.net
2024-12-21,"Support team was unresponsive, had to wait a long time.",william01@yahoo.com
2024-12-14,"Great customer service, very satisfied.",holderrhonda@thompson.info
